parameter,gutH
K,0.00152500
sigma_K,0.01415209
h,0.00050623
q0,0.00000028
qd,0.00002818
cut,0