parameter,gutU
h,0.00062339
K,0.00327430
sigma_K,0.02702240
q0,0.00000065
qd,0.00005348
cut,9e-06